{
	"parent": "block/block_overlay",
	"elements": [
		{
			"name": "cube_base",
			"from": [0, 0, 0],
			"to": [16, 16, 16],
			"faces": {
				"north": {"uv": [0, 0, 16, 16], "texture": "#north", "cullface": "north"},
				"east": {"uv": [0, 0, 16, 16], "texture": "#east", "cullface": "east"},
				"south": {"uv": [0, 0, 16, 16], "texture": "#south", "cullface": "south"},
				"west": {"uv": [0, 0, 16, 16], "texture": "#west", "cullface": "west"},
				"up": {"uv": [0, 0, 16, 16], "texture": "#up", "cullface": "up"},
				"down": {"uv": [0, 0, 16, 16], "texture": "#down", "cullface": "down"}
			}
		},
		{
			"name": "cube_overlay",
			"from": [0, 0, 0],
			"to": [16, 16, 16],
			"faces": {
				"north": {"uv": [0, 0, 16, 16], "texture": "#north_overlay", "cullface": "north"},
				"east": {"uv": [0, 0, 16, 16], "texture": "#east_overlay", "cullface": "east"},
				"south": {"uv": [0, 0, 16, 16], "texture": "#south_overlay", "cullface": "south"},
				"west": {"uv": [0, 0, 16, 16], "texture": "#west_overlay", "cullface": "west"},
				"up": {"uv": [0, 0, 16, 16], "texture": "#up_overlay", "cullface": "up"},
				"down": {"uv": [0, 0, 16, 16], "texture": "#down_overlay", "cullface": "down"}
			}
		}
	]
}
